threshold,found ratio,recover ratio
0.25,98.4,78.9
0.35,98.4,78.9
0.44999999999999996,98.4,78.9
0.5499999999999999,98.4,78.9
0.6499999999999999,98.4,78.9
